LGA_name,metro_LGA
Melton,MELTON
Hume,HUME
Wyndham,WYNDHAM
Brimbank,BRIMBANK
Hobsons Bay,HOBSONS BAY
Moonee Valley,MOONEE VALLEY
Maribyrnong,MARIBYRNONG
Merri-bek,MERRI-BEK
Whittlesea,WHITTLESEA
Darebin,DAREBIN
Banyule,BANYULE
Nillumbik,NILLUMBIK
Yarra Ranges,YARRA RANGES
Maroondah,MAROONDAH
Knox,KNOX
Monash,MONASH
Whitehorse,WHITEHORSE
Manningham,MANNINGHAM
Cardinia,CARDINIA
Casey,CASEY
Frankston,FRANKSTON
Greater Dandenong,GREATER DANDENONG
Kingston,KINGSTON
Mornington Peninsula,MORNINGTON PENINSULA
Yarra,YARRA
Melbourne,MELBOURNE
Port Phillip,PORT PHILLIP
Stonnington,STONNINGTON
Boroondara,BOROONDARA
Glen Eira,GLEN EIRA
Bayside,BAYSIDE
